sr,Make,Model,Variant,Ex-Showroom_Price,Fuel_Tank_Capacity,Fuel_Type,Body_Type,ARAI_Certified_Mileage,Gears,Power,Seating_Capacity,Type,Number_of_Airbags
1,Renault,Kwid,Rxt 1.0,"Rs. 4,33,290",28 litres,Petrol,Hatchback,23.01 km/litre,5,68PS@5500rpm,5,Manual,1
2,Renault,Kwid,Climber 1.0 Mt,"Rs. 4,54,490",28 litres,Petrol,Hatchback,23.01 km/litre,5,68PS@5500rpm,5,Manual,1
3,Renault,Kwid,Rxt (O) 1.0,"Rs. 4,40,990",28 litres,Petrol,Hatchback,23.01 km/litre,5,68PS@5500rpm,5,Manual,2
4,Renault,Kwid,Rxt (O) Amt 1.0,"Rs. 4,70,990",28 litres,Petrol,Hatchback,23.01 km/litre,5,68PS@5500rpm,5,Automatic,2
5,Renault,Kwid,Climber (O) Mt 1.0,"Rs. 4,62,190",28 litres,Petrol,Hatchback,23.01 km/litre,5,68PS@5500rpm,5,Manual,2
6,Datsun,Go,D,"Rs. 3,74,990",35 litres,Petrol,Hatchback,20.1 km/litre,5,68PS@5000rpm,5,Manual,2
7,Datsun,Go,T,"Rs. 4,68,229",35 litres,Petrol,Hatchback,20.1 km/litre,5,68PS@5000rpm,5,Manual,2
8,Datsun,Go,T (O),"Rs. 5,02,492",35 litres,Petrol,Hatchback,20.1 km/litre,5,68PS@5000rpm,5,Manual,2
9,Datsun,Go,A (O),"Rs. 4,99,990",35 litres,Petrol,Hatchback,20.1 km/litre,5,68PS@5000rpm,5,Manual,2
10,Datsun,Go,A,"Rs. 4,69,990",35 litres,Petrol,Hatchback,20.1 km/litre,5,68PS@5000rpm,5,Manual,2
11,Datsun,Go,T Vdc,"Rs. 5,28,464",35 litres,Petrol,Hatchback,20.1 km/litre,5,68PS@5000rpm,5,Manual,2
12,Datsun,Go,T (O) Vdc,"Rs. 5,53,015",35 litres,Petrol,Hatchback,20.1 km/litre,5,68PS@5000rpm,5,Manual,2
13,Datsun,Go,T Cvt,"Rs. 5,94,464",35 litres,Petrol,Hatchback,20.1 km/litre,5,78PS@5000rpm,5,Manual,2
14,Datsun,Go,T (O) Cvt,"Rs. 6,18,015",35 litres,Petrol,Hatchback,20.1 km/litre,5,78PS@5000rpm,5,Manual,2
15,Tata,Tiago,Revotron Xt,"Rs. 5,20,000",35 litres,Petrol,Hatchback,23 km/litre,5,86PS@6000rpm,5,Manual,2
16,Tata,Tiago,Revotron Xz,"Rs. 5,70,000",35 litres,Petrol,Hatchback,23 km/litre,5,86PS@6000rpm,5,Manual,2
17,Tata,Tiago,Revotron Xz Plus,"Rs. 5,99,000",35 litres,Petrol,Hatchback,23 km/litre,5,86PS@6000rpm,5,Manual,2
18,Tata,Tiago,Revotron Xz Plus Dual Tone,"Rs. 6,10,000",35 litres,Petrol,Hatchback,23 km/litre,5,86PS@6000rpm,5,Manual,2
19,Toyota,Etios Liva,Vx,"Rs. 6,30,000",45 litres,Petrol,Hatchback,18.16 km/litre,5,80PS@5600rpm,5,Manual,2
20,Toyota,Etios Liva,Vxd,"Rs. 7,45,000",45 litres,Diesel,Hatchback,23.59 km/litre,5,68PS@3800rpm,5,Manual,2
21,Toyota,Etios Liva,Dual Tone Vx,"Rs. 6,41,700",45 litres,Petrol,Hatchback,18.16 km/litre,5,80PS@5600rpm,5,Manual,2
22,Toyota,Etios Liva,Dual Tone Vxd,"Rs. 7,56,700",45 litres,Diesel,Hatchback,23.59 km/litre,5,68PS@3800rpm,5,Manual,2
23,Toyota,Etios Liva,Vx Dual Tone Limited Edition,"Rs. 6,62,700",45 litres,Petrol,Hatchback,18.16 km/litre,5,80PS@5600rpm,5,Manual,2
24,Toyota,Etios Liva,Vxd Dual Tone Limited Edition,"Rs. 7,77,700",45 litres,Diesel,Hatchback,23.59 km/litre,5,68PS@3800rpm,5,Manual,2
25,Nissan,Micra Active,Xl,"Rs. 5,25,021",41 litres,Petrol,Hatchback,18.97 km/litre,5,68PS@5000rpm,5,Manual,2
26,Nissan,Micra Active,Xv,"Rs. 5,99,950",41 litres,Petrol,Hatchback,19.49 km/litre,5,68PS@5000rpm,5,Manual,2
27,Nissan,Micra Active,Xl (O),"Rs. 5,63,133",41 litres,Petrol,Hatchback,18.97 km/litre,5,68PS@5000rpm,5,Manual,2
28,Hyundai,Elite I20,Magna Plus,"Rs. 6,34,950",45 litres,Petrol,Hatchback,18.6 km/litre,5,84PS@6000rpm,5,Manual,2
29,Hyundai,Elite I20,Magna Plus Crdi,"Rs. 7,70,803",45 litres,Diesel,Hatchback,22.54 km/litre,6,90PS@4000rpm,5,Manual,2
30,Hyundai,Elite I20,Sportz Plus,"Rs. 7,21,693",45 litres,Petrol,Hatchback,18.6 km/litre,5,84PS@6000rpm,5,Manual,2
31,Hyundai,Elite I20,Sportz Plus Crdi Dual Tone,"Rs. 8,76,103",45 litres,Diesel,Hatchback,22.54 km/litre,6,90PS@4000rpm,5,Manual,2
32,Hyundai,Elite I20,Asta (O) 1.2,"Rs. 8,08,993",45 litres,Petrol,Hatchback,18.15 km/litre,5,84PS@6000rpm,5,Manual,6
33,Hyundai,Elite I20,Asta (O) Crdi,"Rs. 9,34,003",45 litres,Diesel,Hatchback,22.54 km/litre,6,90PS@4000rpm,5,Manual,6
34,Hyundai,Elite I20,Asta (O) Cvt,"Rs. 9,20,993",45 litres,Petrol,Hatchback,18.6 km/litre,5,83PS@6000rpm,5,Automatic,2
35,Hyundai,Elite I20,Sportz Plus Dual Tone,"Rs. 7,51,693",45 litres,Petrol,Hatchback,18.6 km/litre,5,84PS@6000rpm,5,Manual,2
36,Hyundai,Elite I20,Sportz Plus Cvt,"Rs. 8,31,693",45 litres,Petrol,Hatchback,18.6 km/litre,5,84PS@6000rpm,5,Manual,2
37,Hyundai,Elite I20,Sportz Plus Crdi,"Rs. 8,46,103",45 litres,Diesel,Hatchback,22.54 km/litre,6,90PS@4000rpm,5,Manual,2
38,Volkswagen,Polo,Highline Plus 1.0 (P),"Rs. 7,76,500",45 litres,Petrol,Hatchback,18.78 km/litre,5,76PS@6200RPM,5,Manual,2
39,Volkswagen,Polo,Highline Plus 1.5 (D),"Rs. 9,31,500",45 litres,Diesel,Hatchback,20.14 km/litre,5,90PS@4200rpm,5,Manual,2
40,Volkswagen,Polo,Gt Tsi,"Rs. 9,76,000",45 litres,Petrol,Hatchback,17.21 km/litre,7,105PS@5000rpm,5,Automatic,2
41,Volkswagen,Polo,Gt Tdi,"Rs. 9,88,500",45 litres,Diesel,Hatchback,19.91 km/litre,5,110PS@4400rpm,5,Manual,2
42,Maruti Suzuki,Dzire,Zxi,"Rs. 7,32,113",37 litres,Petrol,Sedan,22 km/litre,5,84.3PS@6000rpm,5,Manual,2
43,Maruti Suzuki,Dzire,Zdi Amt,"Rs. 8,63,122",37 litres,Diesel,Sedan,28.4 km/litre,5,75PS@4000rpm,5,Automatic,2
44,Maruti Suzuki,Dzire,Zdi,"Rs. 8,16,622",37 litres,Diesel,Sedan,28.4 km/litre,5,75PS@4000rpm,5,Manual,2
45,Maruti Suzuki,Dzire,Zxi Plus,"Rs. 8,21,613",37 litres,Petrol,Sedan,22 km/litre,5,84.3PS@6000rpm,5,Manual,2
46,Maruti Suzuki,Dzire,Zxi At,"Rs. 7,79,113",37 litres,Petrol,Sedan,22 km/litre,5,84.3PS@6000rpm,5,Automatic,2
47,Maruti Suzuki,Dzire,Zxi Plus Amt,"Rs. 8,68,613",37 litres,Petrol,Sedan,22 km/litre,5,84.3PS@6000rpm,5,Automatic,2
48,Maruti Suzuki,Dzire,Zdi Plus,"Rs. 9,06,122",37 litres,Diesel,Sedan,28.4 km/litre,5,75PS@4000rpm,5,Manual,2
49,Maruti Suzuki,Dzire,Zdi Plus Amt,"Rs. 9,52,622",37 litres,Diesel,Sedan,28.4 km/litre,5,75PS@4000rpm,5,Automatic,2
50,Ford,Freestyle,1.5L Tdci Ambiente,"Rs. 6,76,400",40 litres,Diesel,Crossover,24.4 km/litre,5,100PS@3750RPM,5,Manual,2
51,Ford,Freestyle,1.5L Tdci Titanium,"Rs. 7,90,900",40 litres,Diesel,Hatchback,24.4 km/litre,5,100PS@3750RPM,5,Manual,2
52,Ford,Freestyle,1.5L Tdci Titanium Plus,"Rs. 8,36,400",40 litres,Diesel,Hatchback,24.4 km/litre,5,100PS@3750RPM,5,Manual,6
53,Ford,Freestyle,1.2L Ti-Vct Titanium,"Rs. 7,21,400",42 litres,Petrol,Hatchback,19 km/litre,5,96PS@6500rpm,5,Manual,2
54,Ford,Freestyle,1.2L Ti-Vct Titanium Plus,"Rs. 7,56,400",42 litres,Petrol,Hatchback,19 km/litre,5,96PS@6500rpm,5,Manual,6
55,Ford,Freestyle,1.2L Ti-Vct Trend Plus,"Rs. 6,81,400",42 litres,Petrol,Crossover,19 km/litre,5,96PS@6500rpm,5,Manual,2
56,Ford,Freestyle,1.5L Tdci Trend Plus,"Rs. 7,45,900",42 litres,Diesel,Crossover,24.4 km/litre,5,100PS@3750RPM,5,Manual,2
57,Ford,Aspire,1.2 Ti-Vct Trend,"Rs. 6,63,400",42 litres,Petrol,Sedan,20.4 km/litre,5,96PS@6500rpm,5,Manual,2
58,Ford,Aspire,1.5 Tdci Trend,"Rs. 7,37,400",40 litres,Diesel,Sedan,26.1 km/litre,5,100PS@3750RPM,5,Manual,2
59,Ford,Aspire,1.5 Tdci Trend Plus,"Rs. 7,77,400",40 litres,Diesel,Sedan,26.1 km/litre,5,100PS@3750RPM,5,Manual,2
60,Ford,Aspire,1.5 Tdci Titanium,"Rs. 8,17,400",40 litres,Diesel,Sedan,26.1 km/litre,5,100PS@3750RPM,5,Manual,2
61,Ford,Aspire,1.2 Ti-Vct Titanium Plus,"Rs. 7,82,400",42 litres,Petrol,Sedan,19.4 km/litre,5,96PS@6500rpm,5,Manual,6
62,Ford,Aspire,1.2 Ti-Vct Titanium,"Rs. 7,37,400",42 litres,Petrol,Sedan,19.4 km/litre,5,96PS@6500rpm,5,Manual,2
63,Ford,Aspire,1.2 Ti-Vct Blu,"Rs. 7,62,400",42 litres,Petrol,Sedan,19.4 km/litre,5,96PS@6500rpm,5,Manual,2
64,Ford,Aspire,1.5 Tdci Blu,"Rs. 8,42,400",40 litres,Diesel,Sedan,26.1 km/litre,5,100PS@3750RPM,5,Manual,2
65,Toyota,Platinum Etios,Vxd,"Rs. 8,88,400",45 litres,Diesel,Sedan,23.59 km/litre,5,68PS@3800rpm,5,Manual,2
66,Toyota,Platinum Etios,Vxd Limited Edition,"Rs. 9,13,400",45 litres,Diesel,Sedan,23.59 km/litre,5,68PS@3800rpm,5,Manual,2
67,Honda,Jazz,V Petrol,"Rs. 7,45,000",40 litres,Petrol,Hatchback,18.2 km/litre,5,90PS@6000rpm,5,Manual,2
68,Honda,Jazz,Vx Cvt,"Rs. 9,09,000",40 litres,Petrol,Hatchback,19 km/litre,5,90PS@6000rpm,5,Automatic,2
69,Honda,Jazz,Vx Petrol,"Rs. 7,89,000",40 litres,Petrol,Hatchback,18.2 km/litre,5,90PS@6000rpm,5,Manual,2
70,Honda,Jazz,V Cvt,"Rs. 8,65,000",40 litres,Petrol,Hatchback,19 km/litre,5,90PS@6000rpm,5,Automatic,2
71,Honda,Jazz,S Diesel,"Rs. 8,16,500",40 litres,Diesel,Hatchback,27.3 km/litre,6,100PS@3600rpm,5,Manual,2
72,Honda,Jazz,V Diesel,"Rs. 8,96,500",40 litres,Diesel,Hatchback,27.3 km/litre,6,100PS@3600rpm,5,Manual,2
73,Honda,Jazz,Vx Diesel,"Rs. 9,40,500",40 litres,Diesel,Hatchback,27.3 km/litre,6,100PS@3600rpm,5,Manual,2
74,Honda,Jazz,Exclusive Edition Cvt,"Rs. 9,28,000",40 litres,Petrol,Hatchback,18.2 km/litre,5,89 bhp@6000rpm,5,Automatic,2
75,Isuzu,Mu-X,4X2,"Rs. 27,34,834",76 litres,Diesel,SUV,13.8 km/litre,5,177PS@3600rpm,7,Automatic,2
76,Isuzu,Mu-X,4X4,"Rs. 29,31,534",76 litres,Diesel,SUV,13.8 km/litre,5,177PS@3600rpm,7,Automatic,2
77,Skoda,Superb Sportline,Sportline 1.8L Tsi At,"Rs. 28,99,599",66 litres,Petrol,Sedan,13.7 km/litre,7,180PS@6200RPM,5,Automatic,8
78,Audi,A3,35 Tdi Premium Plus,"Rs. 30,21,200",50 litres,Diesel,Sedan,20.38 km/litre,6,143PS@4000rpm,5,Automatic,9
79,Audi,A3,35 Tdi Technology,"Rs. 32,21,200",50 litres,Diesel,Sedan,20.38 km/litre,6,143PS@4000rpm,5,Automatic,9
80,Audi,A3,35 Tfsi Premium Plus,"Rs. 29,20,750",50 litres,Petrol,Sedan,19.2 km/litre,7,150PS@6000RPM,5,Automatic,9
81,Audi,A3,35 Tfsi Technology,"Rs. 31,20,750",50 litres,Petrol,Sedan,19.2 km/litre,7,150PS@6000RPM,5,Automatic,9
82,Skoda,Kodiaq,Style 2.0 Tdi 4X4 At,"Rs. 32,99,599",66 litres,Diesel,SUV,18.19 km/litre,6,177PS@4000RPM,5,Automatic,8
83,Skoda,Kodiaq,Laurin And Klement,"Rs. 36,78,599",66 litres,Diesel,SUV,18.19 km/litre,6,148bhp@4000RPM,5,Automatic,9
84,Skoda,Kodiaq,Corporate Edition,"Rs. 32,99,599",66 litres,Diesel,SUV,18.19 km/litre,6,177PS@4000RPM,5,Automatic,9
85,Audi,Q3,30 Tdi Premium Fwd,"Rs. 36,77,200",64 litres,Diesel,SUV,15.73 km/litre,7,148hp@3500-4000rpm,5,Manual,6
86,Audi,Q3,35 Tdi Quattro Premium Plus,"Rs. 39,92,200",64 litres,Diesel,SUV,15.73 km/litre,7,177PS@4200rpm,5,Automatic,6
87,Audi,Q3,35 Tdi Quattro Technology,"Rs. 43,61,000",64 litres,Diesel,SUV,15.73 km/litre,7,177PS@4200rpm,5,Automatic,6
88,Audi,Q3,30 Tfsi Premium,"Rs. 34,96,750",64 litres,Petrol,SUV,16.9 km/litre,7,150PS@4200rpm,5,Automatic,6
89,Jaguar,Xf,2.0 Portfolio,"Rs. 60,73,446",82 litres,Petrol,Sedan,13.12 km/litre,8,247PS@5500rpm,5,Automatic,6
90,Bmw,X3,Xdrive 20D Luxury Line,"Rs. 59,30,000",67 litres,Diesel,SUV,18.56 km/litre,8,190PS@4000rpm,5,Automatic,6
91,Bmw,X3,Xdrive 30I Luxury Line,"Rs. 58,80,000",67 litres,Petrol,SUV,18.56 km/litre,8,248 bhp @ 5200 rpm,5,Automatic,6
92,Bmw,X3,Xdrive20D Xline,"Rs. 56,00,000",67 litres,Diesel,SUV,18.56 km/litre,8,190PS@4000rpm,5,Automatic,6
93,Ford,Mustang,Fastback V8,"Rs. 74,62,000",60.9 litres,Petrol,"Sedan, Coupe",13 km/litre,6,401PS@6550RPM,4,Automatic,8
94,Toyota,Land Cruiser Prado,Vx L,"Rs. 96,30,000",87 litres,Diesel,SUV,11.13 km/litre,5,173PS@3400rpm,7,Automatic,7
95,Audi,Rs5,Coupe,"Rs. 1,11,41,200",58 litres,Petrol,Coupe,10.8 km/litre,7,450PS@5700-6700rpm,4,Automatic,6
96,Bmw,7-Series,730Ld Design Pure Excellence,"Rs. 1,22,90,000",78 litres,Diesel,Sedan,17.66 km/litre,8,265PS@4000RPM,4,Automatic,8
97,Bmw,7-Series,730Ld Design Pure Excellence Signature,"Rs. 1,32,00,000",78 litres,Diesel,Sedan,17.66 km/litre,8,265PS@4000RPM,4,Automatic,8
98,Bmw,7-Series,730Ld M Sport,"Rs. 1,35,10,000",78 litres,Diesel,Sedan,17.66 km/litre,8,265PS@4000RPM,4,Automatic,8
99,Porsche,Panamera,Turbo,"Rs. 2,12,63,000",90 litres,Petrol,Sedan,10.63 km/litre,7,550PS@6000RPM,4,Automatic,6
100,Porsche,Panamera,Turbo Executive,"Rs. 2,26,13,000",90 litres,Petrol,Sedan,10.63 km/litre,7,550PS@6000RPM,4,Automatic,6
101,Porsche,Panamera,Turbo Sport Turismo,"Rs. 2,17,47,000",90 litres,Petrol,Sedan,10.63 km/litre,7,550PS@6000RPM,4,Automatic,6
102,Bentley,Continental Gt,Coupe,"Rs. 3,37,91,059",90 litres,Petrol,Coupe,8.6 km/litre,8,590PS@6000rpm,4,Automatic,6
103,Ferrari,458 Speciale,Coupe,"Rs. 4,25,31,500",86 litres,Petrol,Coupe,9 km/litre,7,605PS@9000rpm,2,Automatic,5
104,Bentley,Mulsanne,Sedan,"Rs. 5,25,71,294",90 litres,Petrol,Sedan,9.5 km/litre,8,512PS@4200rpm,4,Automatic,6
105,Maruti Suzuki,Alto,Vxi,"Rs. 3,76,100",35 litres,Petrol,Hatchback,22.05 km/litre,5,48PS@6000rpm,5,Manual,2
106,Maruti Suzuki,Alto,Vxi Plus,"Rs. 3,89,600",35 litres,Petrol,Hatchback,22.05 km/litre,5,48PS@6000rpm,5,Manual,2
107,Maruti Suzuki,Swift,Zxi,"Rs. 6,78,000",37 litres,Petrol,Hatchback,20.4 km/litre,5,83PS@6000rpm,5,Manual,2
108,Maruti Suzuki,Swift,Zxi Amt,"Rs. 7,25,000",37 litres,Petrol,Hatchback,20.4 km/litre,5,83PS@6000rpm,5,Automatic,2
109,Maruti Suzuki,Swift,Zxi Plus,"Rs. 7,58,000",37 litres,Petrol,Hatchback,20.4 km/litre,5,83PS@6000rpm,5,Manual,2
110,Maruti Suzuki,Swift,Zdi,"Rs. 7,57,000",37 litres,Diesel,Hatchback,25.2 km/litre,5,75PS@4000rpm,5,Manual,2
111,Maruti Suzuki,Swift,Zdi Amt,"Rs. 8,04,000",37 litres,Diesel,Hatchback,25.2 km/litre,5,75PS@4000rpm,5,Automatic,2
112,Maruti Suzuki,Swift,Zdi Plus,"Rs. 8,38,000",37 litres,Diesel,Hatchback,25.2 km/litre,5,75PS@4000rpm,5,Manual,2
113,Maruti Suzuki,Swift,Zxi Plus Amt,"Rs. 8,02,000",37 litres,Petrol,Hatchback,20.4 km/litre,5,83PS@6000rpm,5,Automatic,2
114,Maruti Suzuki,Swift,Zdi Plus Amt,"Rs. 8,84,000",37 litres,Diesel,Hatchback,25.2 km/litre,5,75PS@4000rpm,5,Automatic,2
115,Tata,Tigor,Revotron Xz,"Rs. 6,50,000",35 litres,Petrol,Sedan,23 km/litre,5,86PS@6000rpm,5,Manual,2
116,Tata,Tigor,Revotron Xz Plus,"Rs. 6,99,000",35 litres,Petrol,Sedan,23 km/litre,5,86PS@6000rpm,5,Manual,2
117,Tata,Tigor,Revotron Xza Plus,"Rs. 7,49,000",35 litres,Petrol,Sedan,23 km/litre,5,86PS@6000rpm,5,AMT,2
118,Tata,Zest,Xt Petrol,"Rs. 7,32,475",44 litres,Petrol,Sedan,17.6 km/litre,5,90PS@5000rpm,5,Manual,2
119,Tata,Zest,Xt Diesel,"Rs. 8,55,362",44 litres,Diesel,Sedan,23 km/litre,5,90PS@4000rpm,5,Manual,2
120,Tata,Zest,Xta Diesel,"Rs. 9,89,000",44 litres,Diesel,Sedan,23 km/litre,5,90PS@4000rpm,5,Automatic,2
121,Honda,Amaze,E Mt Diesel,"Rs. 7,05,000",35 litres,Diesel,Sedan,27.4 km/litre,5,100PS@3600rpm,5,Manual,2
122,Honda,Amaze,V Cvt Petrol,"Rs. 8,23,000",35 litres,Petrol,Sedan,19 km/litre,5,90PS@6000rpm,5,Automatic,2
123,Honda,Amaze,V Cvt Diesel,"Rs. 9,25,000",35 litres,Diesel,Sedan,23.8 km/litre,5,80PS@3600rpm,5,Automatic,2
124,Honda,Amaze,S Mt Diesel,"Rs. 7,85,000",35 litres,Diesel,Sedan,27.4 km/litre,5,100PS@3600rpm,5,Manual,2
125,Honda,Amaze,Vx Mt Diesel,"Rs. 8,93,000",35 litres,Diesel,Sedan,27.4 km/litre,5,100PS@3600rpm,5,Manual,2
126,Honda,Amaze,V Mt Diesel,"Rs. 8,45,000",35 litres,Diesel,Sedan,27.4 km/litre,5,100PS@3600rpm,5,Manual,2
127,Honda,Amaze,Vx Mt Petrol,"Rs. 7,81,000",35 litres,Petrol,Sedan,19.5 km/litre,5,90PS@6000rpm,5,Manual,2
128,Honda,Amaze,V Mt Petrol,"Rs. 7,33,000",35 litres,Petrol,Sedan,19.5 km/litre,5,90PS@6000rpm,5,Manual,2
129,Honda,Amaze,S Mt Petrol,"Rs. 6,73,000",35 litres,Petrol,Sedan,19.5 km/litre,5,90PS@6000rpm,5,Manual,2
130,Honda,Amaze,Exclusive Edition Diesel,"Rs. 9,06,000",35 litres,Diesel,Sedan,27.4 km/litre,5,100PS@3600rpm,5,Manual,2
131,Honda,Amaze,Exclusive Edition Petrol,"Rs. 7,94,000",35 litres,Petrol,Sedan,19.5 km/litre,5,90PS@6000rpm,5,Manual,2
132,Honda,Amaze,Vx Cvt Diesel,"Rs. 9,66,000",35 litres,Diesel,Sedan,27.4 km/litre,5,100PS@3600rpm,5,Automatic,2
133,Honda,Amaze,Vx Cvt Petrol,"Rs. 8,64,000",35 litres,Petrol,Sedan,19.5 km/litre,5,90PS@6000rpm,5,Automatic,2
134,Honda,Amaze,Ace Edition Cvt Diesel,"Rs. 9,79,300",35 litres,Diesel,Sedan,27.4 km/litre,5,100PS@3600rpm,5,Automatic,2
135,Honda,Amaze,Ace Edition Cvt Petrol,"Rs. 8,77,300",35 litres,Petrol,Sedan,19.5 km/litre,5,90PS@6000rpm,5,Automatic,2
136,Honda,Amaze,Ace Edition Mt Diesel,"Rs. 9,06,300",35 litres,Diesel,Sedan,27.4 km/litre,5,100PS@3600rpm,5,Manual,2
137,Honda,Amaze,Ace Edition Mt Petrol,"Rs. 7,94,300",35 litres,Petrol,Sedan,19.5 km/litre,5,90PS@6000rpm,5,Manual,2
138,Fiat,Linea,Dynamic Multijet,"Rs. 9,32,025",45 litres,Diesel,Sedan,20.4 km/litre,5,93PS@4000RPM,5,Manual,2
139,Fiat,Linea,T-Jet Emotion,"Rs. 9,97,763",45 litres,Petrol,Sedan,15.7 km/litre,5,114PS@5000rpm,5,Manual,2
140,Mahindra,Bolero Power Plus,Lx,"Rs. 7,49,192",60 litres,Diesel,SUV,16.5 km/litre,5,70 bhp @ 3600 rpm,7,Manual,1
141,Hyundai,I20 Active,1.2 S,"Rs. 7,74,035",40 litres,Petrol,Hatchback,17.19 km/litre,5,83PS@6000rpm,5,Manual,2
142,Hyundai,I20 Active,1.2 Sx,"Rs. 8,58,536",40 litres,Petrol,Hatchback,17.19 km/litre,6,83PS@6000rpm,5,Manual,6
143,Hyundai,I20 Active,1.2 Sx Dual Tone,"Rs. 8,82,298",40 litres,Petrol,Hatchback,17.19 km/litre,6,83PS@6000rpm,5,Manual,6
144,Hyundai,I20 Active,1.4 Sx,"Rs. 9,93,393",40 litres,Diesel,Hatchback,21.19 km/litre,6,90PS@4000rpm,5,Manual,6
145,Ford,Ecosport,1.5L Ti-Vct Titanium,"Rs. 9,50,000",52 litres,Petrol,SUV,17 km/litre,5,123PS@6500rpm,5,Manual,2
146,Ford,Ecosport,1.5L Ti-Vct Titanium Plus At,"Rs. 11,30,000",52 litres,Petrol,SUV,14.8 km/litre,6,123PS@6500rpm,5,Automatic,6
147,Ford,Ecosport,1.5L Tdci Titanium,"Rs. 9,99,900",52 litres,Diesel,SUV,23 km/litre,5,100PS@3750RPM,5,Manual,2
148,Ford,Ecosport,1.5L Tdci Titanium Plus,"Rs. 10,90,000",52 litres,Diesel,SUV,23 km/litre,5,100PS@3750RPM,5,Manual,6
149,Ford,Ecosport,1.5L Ti-Vct Titanium Plus,"Rs. 9,99,900",52 litres,Petrol,SUV,23 km/litre,5,123PS@6500rpm,5,Manual,6
150,Ford,Ecosport,1.5L Tdci Titanium S,"Rs. 11,45,000",52 litres,Diesel,SUV,23 km/litre,5,100PS@3750RPM,5,Manual,6
151,Ford,Ecosport,1.5L Ti-Vct Thunder Edition,"Rs. 9,99,900",52 litres,Petrol,SUV,23 km/litre,5,123PS@6500rpm,5,Manual,6
152,Ford,Ecosport,1.5L Tdci Thunder Edition,"Rs. 10,90,000",52 litres,Diesel,SUV,23 km/litre,5,100PS@3750RPM,5,Manual,6
153,Renault,Duster,Rxe Petrol,"Rs. 7,99,990",50 litres,Petrol,SUV,13.87 km/litre,5,106PS@5600rpm,5,Manual,2
154,Renault,Duster,Rxs Petrol,"Rs. 9,19,990",50 litres,Petrol,SUV,13.87 km/litre,5,106PS@5600rpm,5,Manual,2
155,Renault,Duster,Rxs (Opt) Cvt,"Rs. 9,99,990",50 litres,Petrol,SUV,13.87 km/litre,6,106PS@5600rpm,5,CVT,2
156,Renault,Duster,110 Ps Rxs Mt Diesel,"Rs. 11,19,990",50 litres,Diesel,SUV,19.6 km/litre,6,110PS@4000rpm,5,Automatic,2
157,Renault,Duster,110 Ps Rxz Mt Diesel,"Rs. 12,09,990",50 litres,Diesel,SUV,19.6 km/litre,6,110PS@4000rpm,5,Automatic,2
158,Renault,Duster,110 Ps Rxz Amt Diesel,"Rs. 12,49,990",50 litres,Diesel,SUV,19.6 km/litre,6,110PS@4000rpm,5,Automatic,2
159,Renault,Duster,110 Ps Rxs Awd (Opt) Diesel,"Rs. 12,49,990",50 litres,Diesel,SUV,19.6 km/litre,6,110PS@4000rpm,5,Automatic,2
160,Hyundai,Verna,1.6 Vtvt Sx,"Rs. 9,99,900",45 litres,Petrol,Sedan,17.7 km/litre,5,123PS@6400rpm,5,Manual,2
161,Hyundai,Verna,1.6 Crdi Sx,"Rs. 11,72,544",45 litres,Diesel,Sedan,23.9 km/litre,6,128ps@4000rpm,5,Manual,2
162,Hyundai,Verna,1.4 Vtvt Ex,"Rs. 9,33,182",45 litres,Petrol,Sedan,19.1 km/litre,5,100PS@6000rpm,5,Manual,2
163,Renault,Lodgy,Stepway Rxz 110Ps 7-Seater,"Rs. 12,11,599",50 litres,Diesel,MUV,19.98 km/litre,6,110PS@4000rpm,7,Manual,2
164,Renault,Lodgy,Stepway Rxl 85Ps 8-Seater,"Rs. 10,53,899",50 litres,Diesel,MUV,21.04 km/litre,5,85PS@3750rpm,8,Manual,2
165,Renault,Lodgy,Stepway Rxz 85Ps 8-Seater,"Rs. 11,30,099",50 litres,Diesel,MUV,21.04 km/litre,5,85PS@3750rpm,8,Manual,2
166,Volkswagen,Vento,Trendline 1.6 (P),"Rs. 8,76,500",55 litres,Petrol,Sedan,16.09 km/litre,5,105PS@5250rpm,5,Manual,2
167,Volkswagen,Vento,Highline 1.6 (P),"Rs. 9,99,900",55 litres,Petrol,Sedan,16.09 km/litre,5,105PS@5250rpm,5,Manual,2
168,Volkswagen,Vento,Comfortline 1.6 (P),"Rs. 9,99,900",55 litres,Petrol,Sedan,16.09 km/litre,5,105PS@5250rpm,5,Manual,2
169,Volkswagen,Vento,Highline 1.2 (P) Dsg,"Rs. 11,97,500",55 litres,Petrol,Sedan,18.19 km/litre,7,105PS@5000rpm,5,Automatic,2
170,Volkswagen,Vento,Highline Plus 1.2 (P) Dsg,"Rs. 14,49,500",55 litres,Petrol,Sedan,18.19 km/litre,7,105PS@5000rpm,5,Automatic,2
171,Volkswagen,Vento,Trendline 1.5 (D),"Rs. 9,58,500",55 litres,Diesel,Sedan,20.64 km/litre,5,105PS@4400rpm,5,Manual,2
172,Volkswagen,Vento,Comfortline 1.5 (D),"Rs. 9,99,900",55 litres,Diesel,Sedan,20.64 km/litre,5,105PS@4400rpm,5,Manual,2
173,Volkswagen,Vento,Highline 1.5 (D),"Rs. 12,10,500",55 litres,Diesel,Sedan,20.64 km/litre,5,105PS@4400rpm,5,Manual,2
174,Volkswagen,Vento,Highline 1.5 (D) Dsg,"Rs. 13,36,500",55 litres,Diesel,Sedan,21.5 km/litre,7,105PS@4400rpm,5,Automatic,2
175,Volkswagen,Vento,Highline Plus 1.5 (D) Dsg,"Rs. 13,17,500",55 litres,Diesel,Sedan,20.64 km/litre,5,105PS@4400rpm,5,Automatic,2
176,Volkswagen,Vento,Gt Line (D),"Rs. 14,49,500",45 litres,Diesel,Hatchback,19.91 km/litre,5,110PS@4400rpm,5,Manual,2
177,Volkswagen,Vento,Gt Line (P) Dsg,"Rs. 13,17,500",45 litres,Petrol,Hatchback,17.21 km/litre,7,105PS@5000rpm,5,Automatic,2
178,Honda,Brv,S Petrol,"Rs. 10,52,900",42 litres,Petrol,SUV,15.4 km/litre,7,119PS@6600rpm,7,Manual,2
179,Honda,Brv,V Petrol,"Rs. 11,67,900",42 litres,Petrol,SUV,15.4 km/litre,7,119PS@6600rpm,7,Manual,2
180,Honda,Brv,Vx Petrol,"Rs. 12,71,900",42 litres,Petrol,SUV,15.4 km/litre,7,119PS@6600rpm,7,Manual,2
181,Honda,Brv,V Cvt Petrol,"Rs. 12,85,900",42 litres,Petrol,SUV,16 km/litre,7,119PS@6600rpm,7,Automatic,2
182,Honda,Brv,S Diesel,"Rs. 11,87,900",42 litres,Diesel,SUV,21.9 km/litre,7,100PS@3600rpm,7,Manual,2
183,Honda,Brv,V Diesel,"Rs. 12,73,900",42 litres,Diesel,SUV,21.9 km/litre,7,100PS@3600rpm,7,Manual,2
184,Honda,Brv,Vx Diesel,"Rs. 13,82,900",42 litres,Diesel,SUV,21.9 km/litre,7,100PS@3600rpm,7,Manual,2
185,Skoda,Monte Carlo,Monte Carlo 1.5 Tdi At,"Rs. 14,25,599",55 litres,Diesel,Sedan,21.72 km/litre,7,110PS@4000rpm,5,Automatic,2
186,Skoda,Monte Carlo,Monte Carlo 1.6 Mpi At,"Rs. 12,69,599",55 litres,Petrol,Sedan,14.84 km/litre,7,105PS@5250rpm,5,Automatic,2
187,Skoda,Monte Carlo,Monte Carlo 1.5 Tdi Mt,"Rs. 12,99,599",55 litres,Diesel,Sedan,21.13 km/litre,5,110PS@4000rpm,5,Manual,2
188,Skoda,Monte Carlo,Monte Carlo 1.6 Mpi Mt,"Rs. 11,39,599",55 litres,Petrol,Sedan,15.41 km/litre,5,105PS@5250rpm,5,Manual,2
189,Mahindra,Xuv500,G At,"Rs. 16,10,180",70 litres,Petrol,SUV,13.85 km/litre,6,140PS@4500rpm,7,Automatic,2
190,Mahindra,Xuv500,W7 At,"Rs. 15,39,488",70 litres,Diesel,SUV,16 km/litre,6,155PS@3750rpm,7,Automatic,6
191,Mahindra,Xuv500,W9,"Rs. 15,88,943",70 litres,Diesel,SUV,16 km/litre,6,155PS@3750rpm,7,Manual,2
192,Mahindra,Xuv500,W9 At,"Rs. 17,10,118",70 litres,Diesel,SUV,16 km/litre,6,155PS@3750rpm,7,Automatic,2
193,Mahindra,Xuv500,W11,"Rs. 17,16,319",70 litres,Diesel,SUV,16 km/litre,6,155PS@3750rpm,7,Manual,6
194,Mahindra,Xuv500,W11 At,"Rs. 18,37,586",70 litres,Diesel,SUV,16 km/litre,6,155PS@3750rpm,7,Automatic,6
195,Mahindra,Xuv500,W11 (O),"Rs. 17,41,319",70 litres,Diesel,SUV,16 km/litre,6,155PS@3750rpm,7,Manual,6
196,Mahindra,Xuv500,W11 (O) At,"Rs. 18,62,586",70 litres,Diesel,SUV,16 km/litre,6,155PS@3750rpm,7,Automatic,6
197,Mahindra,Xuv500,G At,"Rs. 16,10,180",70 litres,Petrol,SUV,13.85 km/litre,6,140PS@4500rpm,7,Automatic,2
198,Mahindra,Xuv500,W7 At,"Rs. 15,39,488",70 litres,Diesel,SUV,16 km/litre,6,155PS@3750rpm,7,Automatic,6
199,Mahindra,Xuv500,W9,"Rs. 15,88,943",70 litres,Diesel,SUV,16 km/litre,6,155PS@3750rpm,7,Manual,2
200,Mahindra,Xuv500,W9 At,"Rs. 17,10,118",70 litres,Diesel,SUV,16 km/litre,6,155PS@3750rpm,7,Automatic,2
201,Mahindra,Xuv500,W11,"Rs. 17,16,319",70 litres,Diesel,SUV,16 km/litre,6,155PS@3750rpm,7,Manual,6
202,Mahindra,Xuv500,W11 At,"Rs. 18,37,586",70 litres,Diesel,SUV,16 km/litre,6,155PS@3750rpm,7,Automatic,6
203,Mahindra,Xuv500,W11 (O),"Rs. 17,41,319",70 litres,Diesel,SUV,16 km/litre,6,155PS@3750rpm,7,Manual,6
204,Mahindra,Xuv500,W11 (O) At,"Rs. 18,62,586",70 litres,Diesel,SUV,16 km/litre,6,155PS@3750rpm,7,Automatic,6
205,Mahindra,Xuv500,W11 (O) Awd,"Rs. 18,52,488",70 litres,Diesel,SUV,16 km/litre,6,155PS@3750rpm,7,Manual,6
206,Mahindra,Xuv500,W11 (O) Awd At,"Rs. 19,73,664",70 litres,Diesel,SUV,16 km/litre,6,155PS@3750rpm,7,Automatic,6
207,Toyota,Innova Crysta,2.4 Vx 7 Str,"Rs. 19,27,000",55 litres,Diesel,MUV,15 km/litre,5,150PS@3400rpm,7,Manual,3
208,Toyota,Innova Crysta,2.4 Vx 8 Str,"Rs. 19,32,000",55 litres,Diesel,MUV,15.4 km/litre,5,150PS@3400rpm,8,Manual,3
209,Toyota,Innova Crysta,2.4 Zx 7 Str,"Rs. 21,13,000",55 litres,Diesel,MUV,15.1 km/litre,5,150PS@3400rpm,7,Manual,7
210,Toyota,Innova Crysta,2.7 Zx At 7 Str,"Rs. 21,03,000",55 litres,Petrol,MUV,10.75 km/litre,6,164 bhp @ 5200 rpm,7,Automatic,7
211,Toyota,Innova Crysta,2.7 Vx 7 Str,"Rs. 18,07,000",55 litres,Petrol,MUV,11.25 km/litre,5,150PS@3400rpm,7,Manual,3
212,Toyota,Innova Crysta,Touring Sport 2.4 Vx 7 Str,"Rs. 20,97,000",55 litres,Diesel,MUV,15 km/litre,5,150PS@3400rpm,7,Manual,3
213,Toyota,Innova Crysta,Touring Sport 2.7 Vx 7 Str,"Rs. 18,92,000",55 litres,Petrol,MUV,11.25 km/litre,5,166PS@5200rpm,7,Manual,3
214,Toyota,Innova Crysta,Touring Sport 2.7 Zx At 7 Str,"Rs. 21,71,000",55 litres,Petrol,MUV,10.75 km/litre,6,166PS@5200rpm,7,Automatic,7
215,Toyota,Corolla Altis,G Petrol,"Rs. 16,45,000",55 litres,Petrol,Sedan,16.7 km/litre,6,140PS@6400rpm,5,Manual,3
216,Toyota,Corolla Altis,G At Petrol,"Rs. 18,06,000",55 litres,Petrol,Sedan,16.7 km/litre,7,140PS@6400rpm,5,Automatic,3
217,Toyota,Corolla Altis,Gl Petrol,"Rs. 18,82,000",55 litres,Petrol,Sedan,16.7 km/litre,6,140PS@6400rpm,5,Manual,7
218,Toyota,Corolla Altis,Gl Diesel,"Rs. 19,36,000",43 litres,Diesel,Sedan,21 km/litre,6,88.4PS@3800rpm,5,Manual,3
219,Toyota,Corolla Altis,G Diesel,"Rs. 17,71,000",43 litres,Diesel,Sedan,21 km/litre,6,88.4PS@3800rpm,5,Manual,3
220,Toyota,Corolla Altis,Vl At Petrol,"Rs. 20,19,000",55 litres,Petrol,Sedan,16.7 km/litre,6,140PS@6400rpm,5,Automatic,7
221,Skoda,Superb,L & K 1.8 Tsi At,"Rs. 30,99,599",66 litres,Petrol,Sedan,13.7 km/litre,7,180PS@6200RPM,5,Automatic,8
222,Skoda,Superb,Style 2.0 Tdi At,"Rs. 30,29,599",66 litres,Diesel,Sedan,18.19 km/litre,6,177PS@4000RPM,5,Automatic,8
223,Skoda,Superb,Corporate Edition 2.0 Tdi At,"Rs. 28,49,599",66 litres,Diesel,Sedan,18.19 km/litre,6,177PS@4000RPM,5,Automatic,8
224,Toyota,Fortuner,2.8 4X2 At,"Rs. 32,05,000",80 litres,Diesel,SUV,12.9 km/litre,5,177PS@3400rpm,7,Automatic,7
225,Toyota,Fortuner,2.8 4X2 Mt,"Rs. 30,19,000",80 litres,Diesel,SUV,14.24 km/litre,5,177PS@3400rpm,7,Manual,7
226,Toyota,Fortuner,Trd Celebratory Edition,"Rs. 34,20,000",80 litres,Diesel,SUV,12.9 km/litre,6,177PS@3400rpm,7,Automatic,7
227,Ford,Endeavour,2.2L 4X2 At Titanium Plus,"Rs. 32,33,000",80 litres,Diesel,SUV,12.62 km/litre,6,160PS@3200rpm,7,Automatic,7
228,Ford,Endeavour,2.2L 4X2 Mt Titanium,"Rs. 29,20,000",80 litres,Diesel,SUV,12.62 km/litre,6,160PS@3200rpm,7,Manual,6
229,Bmw,X1,Sdrive20D Expedition,"Rs. 35,20,000",51 litres,Diesel,"Crossover, SUV",20.68 km/litre,8,190hp@4000rpm,5,Automatic,6
230,Bmw,X1,Sdrive20D Xline,"Rs. 39,30,000",51 litres,Diesel,"SUV, Crossover",20.68 km/litre,8,190PS@4000rpm,5,Automatic,6
231,Bmw,X1,Xdrive20D M Sport,"Rs. 45,70,000",51 litres,Diesel,"SUV, Crossover",20.68 km/litre,8,190PS@4000rpm,5,Automatic,6
232,Bmw,X1,Sdrive20D M Sport,"Rs. 42,40,000",61 litres,Diesel,SUV,17.05 km/litre,8,187bhp@4000rpm,5,Automatic,6
233,Bmw,X1,Sdrive20I Xline,"Rs. 38,30,000",51 litres,Petrol,"Crossover, SUV",16.3 km/litre,7,192hp@5000rpm,5,Automatic,6
234,Audi,Q5,35 Tdi Premium Plus,"Rs. 50,21,200",64 litres,Diesel,SUV,16.9 km/litre,7,190PS@3800-4000rpm,5,Automatic,8
235,Audi,Q5,35 Tdi Technology,"Rs. 56,21,200",64 litres,Diesel,SUV,15.73 km/litre,7,190PS@3800-4000rpm,5,Automatic,8
236,Audi,Q5,45 Tfsi Premium Plus,"Rs. 50,21,200",70 litres,Petrol,SUV,12.44 km/litre,7,248 bhp @ 5000-6000 rpm,5,Automatic,8
237,Audi,Q5,45 Tfsi Technology,"Rs. 56,21,200",70 litres,Petrol,SUV,12.44 km/litre,7,248 bhp @ 5000-6000 rpm,5,Automatic,8
238,Jeep,Wrangler,Unlimited,"Rs. 63,94,000",85 litres,Petrol,SUV,8.4 km/litre,8,268PS@6350rpm,5,Automatic,6
239,Audi,Q7,45 Tdi Premium Plus,"Rs. 72,21,500",75 litres,Diesel,SUV,14.75 km/litre,8,249PS@4500RPM,7,Automatic,8
240,Audi,Q7,45 Tdi Technology Pack,"Rs. 80,21,500",75 litres,Diesel,SUV,14.75 km/litre,8,249PS@4500RPM,7,Automatic,8
241,Audi,Q7,40 Tfsi Quattro Premium Plus,"Rs. 69,21,500",75 litres,Petrol,SUV,11.68 km/litre,8,252PS@4500RPM,7,Automatic,8
242,Audi,Q7,45 Tdi Black Styling,"Rs. 81,11,500",75 litres,Diesel,SUV,14.75 km/litre,8,249PS@4500RPM,7,Automatic,8
243,Land Rover Rover,Range Sport,3.0L Tdv6 S Diesel,"Rs. 1,03,73,732",80 litres,Diesel,SUV,,8,254 bhp @ 4000 rpm,5,Automatic,8
244,Land Rover Rover,Range Sport,3.0L Tdv6 Se Diesel,"Rs. 1,19,13,021",80 litres,Diesel,SUV,,8,254 bhp @ 4000 rpm,5,Automatic,8
245,Land Rover Rover,Range Sport,4.4L Sdv8 Hse Diesel,"Rs. 1,49,08,985",105 litres,Diesel,SUV,11.5 km/litre,8,335bhp@3500rpm,7,Automatic,8
246,Jaguar,Xj,3.0L,"Rs. 97,38,609",82 litres,Diesel,Sedan,12.9 km/litre,8,274PS@4000RPM,5,Automatic,6
247,Jaguar,Xj,3.0L Portfolio,"Rs. 1,07,25,145",83 litres,Diesel,Sedan,12.9 km/litre,8,274PS@4000RPM,5,Automatic,6
248,Jaguar,Xj,50,"Rs. 1,11,29,599",82 litres,Diesel,Sedan,12.9 km/litre,8,302bhp@4000RPM,5,Automatic,6
249,Toyota,Land Cruiser,Vx,"Rs. 1,46,99,000",93 litres,Diesel,SUV,9 km/litre,6,265PS@3400rpm,7,Automatic,8
250,Audi,Rs7,Sportback,"Rs. 1,70,72,000",75 litres,Petrol,"Sedan, Coupe",9.8 km/litre,8,560PS@6600RPM,4,Automatic,8
251,Land Rover Rover,Range,5.0L V8 Svautobiography Dynamic Petrol,"Rs. 3,25,22,000",105 litres,Petrol,SUV,9.6 km/litre,8,558PS@6000-6500rpm,5,Automatic,8
252,Land Rover Rover,Range,3.0L V6 Vogue Lwb Petrol,"Rs. 1,95,27,130",85 litres,Petrol,SUV,11.6 km/litre,8,335bhp@6500RPM,7,Automatic,8
253,Land Rover Rover,Range,3.0L V6 Vogue Se Lwb Petrol,"Rs. 2,13,98,758",85 litres,Petrol,SUV,11.6 km/litre,8,335bhp@6500RPM,7,Automatic,8
254,Lamborghini,Huracan,Lp 610-4,"Rs. 3,71,33,704",90 litres,Petrol,Coupe,10.6 km/litre,7,610PS@8250rpm,2,Automatic,4
255,Lamborghini,Huracan,Lp 580-2,"Rs. 3,24,52,486",90 litres,Petrol,Coupe,11.24 km/litre,7,580PS@8000rpm,2,Automatic,4
256,Lamborghini,Huracan,Avio,"Rs. 3,51,50,732",90 litres,Petrol,Coupe,8 km/litre,7,610PS@8250rpm,2,Automatic,4
257,Lamborghini,Huracan,Performante,"Rs. 3,76,14,126",90 litres,Petrol,Coupe,10.6 km/litre,7,639PS@8250rpm,2,Automatic,4
258,Lamborghini,Huracan,Lp 580-2 Spyder,"Rs. 3,55,35,000",90 litres,Petrol,Coupe,11.24 km/litre,7,571 bhp @ 8000 rpm,2,Automatic,4
259,Lamborghini,Huracan,Lp 610-4 Spyder,"Rs. 4,07,42,932",90 litres,Petrol,Coupe,10.6 km/litre,7,602 bhp @ 8250 rpm,2,Automatic,4
260,Lamborghini,Huracan,Evo,"Rs. 3,73,00,000",90 litres,Petrol,Coupe,10.6 km/litre,7,631Bhp@8250rpm,2,Automatic,4
261,Lamborghini,Aventador,Lp 700-4,"Rs. 4,78,93,943",90 litres,Petrol,Convertible,5 km/litre,7,700PS@8250RPM,2,Automatic,6
262,Lamborghini,Aventador,S,"Rs. 4,74,67,700",90 litres,Petrol,Coupe,5 km/litre,7,740PS@8400rpm,2,Automatic,6
263,Fiat,Punto Evo Pure,1.3,"Rs. 5,75,947",45 litres,Diesel,Hatchback,20 km/litre,5,75 bhp @ 4000 rpm,5,Manual,1
264,Maruti Suzuki,Baleno,1.3 Delta,"Rs. 7,46,621",37 litres,Diesel,Hatchback,27.39 km/litre,5,75PS@4000rpm,5,Manual,2
265,Maruti Suzuki,Baleno,1.3 Alpha,"Rs. 8,68,221",37 litres,Diesel,Hatchback,27.39 km/litre,5,75PS@4000rpm,5,Manual,2
266,Maruti Suzuki,Baleno,1.3 Zeta,"Rs. 8,07,921",37 litres,Diesel,Hatchback,27.39 km/litre,5,75PS@4000rpm,5,Manual,2
267,Maruti Suzuki,Baleno,1.2 Alpha,"Rs. 7,58,212",37 litres,Petrol,Hatchback,21.4 km/litre,5,83 Bhp@6000rpm,5,Manual,2
268,Maruti Suzuki,Baleno,1.2 Alpha Cvt,"Rs. 8,90,212",37 litres,Petrol,Hatchback,21.4 km/litre,5,83 Bhp@6000rpm,5,Automatic,2
269,Maruti Suzuki,Baleno,1.2 Delta,"Rs. 6,36,612",37 litres,Petrol,Hatchback,21.4 km/litre,5,83 Bhp@6000rpm,5,Manual,2
270,Maruti Suzuki,Baleno,1.2 Delta Cvt,"Rs. 7,68,612",37 litres,Petrol,Hatchback,21.04 km/litre,5,83 Bhp@6000rpm,5,Automatic,2
271,Maruti Suzuki,Baleno,1.2 Zeta,"Rs. 6,97,912",37 litres,Petrol,Hatchback,21.4 km/litre,5,83 Bhp@6000rpm,5,Manual,2
272,Maruti Suzuki,Baleno,1.2 Delta Dualjet,"Rs. 7,33,412",37 litres,Petrol,Hatchback,21.4 km/litre,5,83 Bhp@6000rpm,5,Manual,2
273,Maruti Suzuki,Baleno,1.2 Zeta Dualjet,"Rs. 7,89,912",37 litres,Petrol,Hatchback,21.4 km/litre,5,83 Bhp@6000rpm,5,Manual,2
274,Maruti Suzuki,Baleno,1.2 Zeta Cvt,"Rs. 8,29,912",37 litres,Petrol,Hatchback,21.04 km/litre,5,83 Bhp@6000rpm,5,Automatic,2
275,Hyundai,Grand I10,1.2 Kappa Vtvt Sportz,"Rs. 6,20,637",43 litres,Petrol,Hatchback,19.77 km/litre,5,83PS@6000rpm,5,Manual,2
276,Hyundai,Grand I10,1.2 Kappa Vtvt Sportz At,"Rs. 7,05,538",43 litres,Petrol,Hatchback,17.49 km/litre,5,83PS@6000rpm,5,Automatic,2
277,Hyundai,Grand I10,1.2 Kappa Vtvt Sportz Dual Tone,"Rs. 6,40,537",43 litres,Petrol,Hatchback,19.77 km/litre,5,83PS@6000rpm,5,Manual,2
278,Maruti Suzuki,Ertiga,Lxi,"Rs. 7,59,000",45 litres,Petrol,MPV,19.34 km/litre,5,103Bhp@6000rpm,7,Manual,2
279,Maruti Suzuki,Baleno Rs,Rs 1.0,"Rs. 7,88,913",37 litres,Petrol,Hatchback,21.4 km/litre,5,102PS@5500rpm,5,Manual,2
280,Honda,Wr-V,Vx Diesel,"Rs. 10,35,000",40 litres,Diesel,SUV,25.5 km/litre,7,100PS@3600rpm,5,Manual,2
281,Honda,Wr-V,Vx Petrol,"Rs. 9,25,000",40 litres,Petrol,SUV,17.5 km/litre,7,90PS@6000rpm,5,Manual,2
282,Honda,Wr-V,S Diesel,"Rs. 9,25,000",40 litres,Diesel,SUV,25.5 km/litre,7,100PS@3600rpm,5,Manual,2
283,Honda,Wr-V,S Petrol,"Rs. 8,15,000",40 litres,Petrol,SUV,17.5 km/litre,7,90PS@6000rpm,5,Manual,2
284,Honda,Wr-V,Edge Plus Edition Diesel,"Rs. 9,16,050",40 litres,Diesel,SUV,25.5 km/litre,7,100PS@3600rpm,5,Manual,2
285,Honda,Wr-V,Edge Plus Edition Petrol,"Rs. 8,08,050",40 litres,Petrol,SUV,17.5 km/litre,7,90PS@6000rpm,5,Manual,2
286,Honda,Wr-V,Exclusive Edition Diesel,"Rs. 10,48,050",40 litres,Diesel,SUV,25.5 km/litre,7,100PS@3600rpm,5,Manual,2
287,Honda,Wr-V,Exclusive Edition Petrol,"Rs. 9,35,050",40 litres,Petrol,SUV,17.5 km/litre,7,90PS@6000rpm,5,Manual,2
288,Honda,Wr-V,V Diesel,"Rs. 9,95,000",40 litres,Diesel,SUV,25.5 km/litre,7,100PS@3600rpm,5,Manual,2
289,Mahindra,Tuv300,T10,"Rs. 9,99,614",60 litres,Diesel,SUV,18.49 km/litre,5,100PS@3750RPM,7,Manual,2
290,Mahindra,Tuv300,T10 (O),"Rs. 10,31,943",60 litres,Diesel,SUV,18.49 km/litre,5,100PS@3750RPM,7,Manual,2
291,Mahindra,Tuv300,T10 Dual Tone,"Rs. 10,22,930",60 litres,Diesel,SUV,18.49 km/litre,5,100PS@3750RPM,7,Manual,2
292,Mahindra,Tuv300,T10 (O) Dual Tone,"Rs. 10,55,259",60 litres,Diesel,SUV,18.49 km/litre,5,100PS@3750RPM,7,Manual,2
293,Nissan,Terrano,Xv D Premium 110 Ps Amt,"Rs. 14,64,900",50 litres,Diesel,SUV,19.01 km/litre,6,110PS@3900rpm,5,Automatic,2
294,Nissan,Terrano,Xv D Premium 110 Ps,"Rs. 14,19,900",50 litres,Diesel,SUV,19.01 km/litre,6,110PS@3900rpm,5,Manual,2
295,Tata,Safari Storme,2.2 Vx 4X2 Varicor 400,"Rs. 14,79,574",63 litres,Diesel,SUV,14.1 km/litre,6,156PS@4000rpm,7,Manual,2
296,Tata,Safari Storme,2.2 Vx 4X4 Varicor 400,"Rs. 16,43,829",63 litres,Diesel,SUV,14.1 km/litre,6,156PS@4000rpm,7,Manual,2
297,Toyota,Prius,Z8,"Rs. 45,09,000",43 litres,Hybrid,Sedan,23.9 km/litre,5,98PS@5200rpm,5,Automatic,7
298,Bmw,M4,Coupe,"Rs. 1,35,90,000",60 litres,Petrol,Coupe,10.75 km/litre,7,431PS@7300RPM,4,Automatic,10
299,Aston Martin,Rapide,Luxe,"Rs. 3,88,45,823",90.5 litres,Petrol,Sedan,12.9 km/litre,8,560PS@6650rpm,4,Automatic,8
300,Hyundai,Grand I10 Nios,Era 1.2 Vtvt,"Rs. 5,04,990",37 litres,Petrol,Hatchback,20.7 km/litre,5,83PS@6000rpm,5,Manual,2
301,Hyundai,Grand I10 Nios,Magna 1.2 Vtvt,"Rs. 5,89,610",37 litres,Petrol,Hatchback,20.7 km/litre,5,83PS@6000rpm,5,Manual,2
302,Hyundai,Grand I10 Nios,Magna Amt 1.2 Vtvt,"Rs. 6,42,610",37 litres,Petrol,Hatchback,20.7 km/litre,5,83PS@6000rpm,5,Automatic,2
303,Hyundai,Grand I10 Nios,Sportz 1.2 Vtvt,"Rs. 6,43,350",37 litres,Petrol,Hatchback,20.7 km/litre,5,83PS@6000rpm,5,Manual,2
304,Hyundai,Grand I10 Nios,Sportz Amt 1.2 Vtvt,"Rs. 7,03,350",37 litres,Petrol,Hatchback,20.7 km/litre,5,83PS@6000rpm,5,Automatic,2
305,Hyundai,Grand I10 Nios,Sportz Dual Tone 1.2 Vtvt,"Rs. 6,73,350",37 litres,Petrol,Hatchback,20.7 km/litre,5,83PS@6000rpm,5,Manual,2
306,Hyundai,Grand I10 Nios,Asta 1.2 Vtvt,"Rs. 7,18,950",37 litres,Petrol,Hatchback,20.7 km/litre,5,83PS@6000rpm,5,Manual,2
307,Hyundai,Xcent,S 1.2,"Rs. 6,43,769",43 litres,Petrol,Sedan,20.14 km/litre,5,83PS@6000rpm,5,Manual,2
308,Hyundai,Xcent,Sx 1.2,"Rs. 7,05,546",43 litres,Petrol,Sedan,20.14 km/litre,5,82PS@6000rpm,5,Manual,2
309,Hyundai,Xcent,Sx 1.2 Crdi,"Rs. 7,98,558",43 litres,Diesel,Sedan,25.4 km/litre,5,75PS@4000rpm,5,Manual,2
310,Hyundai,Xcent,Sx 1.2 Crdi (O),"Rs. 8,75,358",43 litres,Diesel,Sedan,25.4 km/litre,5,72PS@4000rpm,5,Manual,2
311,Nissan,Micra,Xl (O) Cvt,"Rs. 6,62,880",41 litres,Petrol,Hatchback,19.34 km/litre,5,77PS@6000rpm,5,Automatic,2
312,Nissan,Micra,Xv Cvt,"Rs. 7,81,686",41 litres,Petrol,Hatchback,19.34 km/litre,5,77PS@6000rpm,5,Automatic,2
313,Nissan,Micra,Xld (O),"Rs. 7,43,504",41 litres,Diesel,Hatchback,23.08 km/litre,5,64PS@4000rpm,5,Manual,2
314,Nissan,Micra,Xvd,"Rs. 8,12,964",41 litres,Diesel,Hatchback,23.08 km/litre,5,64PS@4000rpm,5,Manual,2
315,Maruti Suzuki,Ciaz,1.3L Alpha Smart Hybrid,"Rs. 11,02,689",43 litres,Diesel,Sedan,28.09 km/litre,5,89Bhp@4000RPM,5,Manual,2
316,Maruti Suzuki,Ciaz,1.3L Sigma Smart Hybrid,"Rs. 9,19,689",43 litres,Diesel,Sedan,28.09 km/litre,5,89Bhp@4000RPM,5,Manual,2
317,Maruti Suzuki,Ciaz,1.3L Delta Smart Hybrid,"Rs. 9,80,689",43 litres,Diesel,Sedan,28.09 km/litre,5,89Bhp@4000RPM,5,Manual,2
318,Maruti Suzuki,Ciaz,1.3L Zeta Smart Hybrid,"Rs. 10,62,689",43 litres,Diesel,Sedan,28.09 km/litre,5,89Bhp@4000RPM,5,Manual,2
319,Maruti Suzuki,Ciaz,1.5L Sigma Smart Hybrid,"Rs. 8,19,689",43 litres,Petrol,Sedan,21.56 km/litre,5,103Bhp@6000rpm,5,Manual,2
320,Maruti Suzuki,Ciaz,1.5L Delta Smart Hybrid,"Rs. 8,81,689",43 litres,Petrol,Sedan,21.56 km/litre,5,103Bhp@6000rpm,5,Manual,2
321,Maruti Suzuki,Ciaz,1.5L Zeta Smart Hybrid,"Rs. 9,58,689",43 litres,Petrol,Sedan,21.56 km/litre,5,103Bhp@6000rpm,5,Manual,2
322,Maruti Suzuki,Ciaz,1.5L Alpha Smart Hybrid,"Rs. 9,97,689",43 litres,Petrol,Sedan,21.56 km/litre,5,103Bhp@6000rpm,5,Manual,2
323,Maruti Suzuki,Ciaz,1.5L Delta At Smart Hybrid,"Rs. 9,80,689",43 litres,Petrol,Sedan,20.28 km/litre,4,103Bhp@6000rpm,5,Automatic,2
324,Maruti Suzuki,Ciaz,1.5L Zeta At Smart Hybrid,"Rs. 10,58,688",43 litres,Petrol,Sedan,20.28 km/litre,4,103Bhp@6000rpm,5,Automatic,2
325,Maruti Suzuki,Ciaz,1.5L Alpha At Smart Hybrid,"Rs. 10,98,689",43 litres,Petrol,Sedan,20.28 km/litre,4,103Bhp@6000rpm,5,Automatic,2
326,Maruti Suzuki,Ciaz,1.5L Alpha,"Rs. 11,38,189",43 litres,Diesel,Sedan,26.82 km/litre,6,94Bhp@4000RPM,5,Manual,2
327,Maruti Suzuki,Ciaz,1.5L Delta,"Rs. 9,97,689",43 litres,Diesel,Sedan,26.32 km/litre,6,94Bhp@4000RPM,5,Manual,2
328,Maruti Suzuki,Ciaz,1.5L Zeta,"Rs. 11,09,189",43 litres,Diesel,Sedan,26.32 km/litre,6,94Bhp@4000RPM,5,Manual,2
329,Skoda,Rapid,1.6 Mpi Ambition,"Rs. 9,98,599",55 litres,Petrol,Sedan,15.41 km/litre,5,105PS@5250rpm,5,Manual,2
330,Skoda,Rapid,1.5 Tdi Cr Active,"Rs. 10,06,139",55 litres,Diesel,Sedan,21.13 km/litre,5,110PS@4000rpm,5,Manual,2
331,Skoda,Rapid,1.6 Mpi Active,"Rs. 8,81,916",55 litres,Petrol,Sedan,15.41 km/litre,5,105PS@5250rpm,5,Manual,2
332,Skoda,Rapid,1.5 Tdi Cr Ambition,"Rs. 11,29,599",55 litres,Diesel,Sedan,21.13 km/litre,5,110PS@4000rpm,5,Manual,2
333,Skoda,Rapid,1.5 Tdi Cr Ambition At,"Rs. 12,49,599",55 litres,Diesel,Sedan,21.72 km/litre,7,110PS@4000rpm,5,Automatic,2
334,Skoda,Rapid,1.6 Mpi Style At,"Rs. 12,43,599",55 litres,Petrol,Sedan,14.84 km/litre,7,105PS@5250rpm,5,Automatic,2
335,Skoda,Rapid,1.5 Tdi Cr Style,"Rs. 12,73,599",55 litres,Diesel,Sedan,21.13 km/litre,5,110PS@4000rpm,5,Manual,2
336,Skoda,Rapid,1.6 Mpi Style,"Rs. 11,15,599",55 litres,Petrol,Sedan,15.41 km/litre,5,105PS@5250rpm,5,Manual,2
337,Skoda,Rapid,1.6 Mpi Ambition At,"Rs. 9,99,599",55 litres,Petrol,Sedan,14.84 km/litre,5,105PS@5250rpm,5,Automatic,2
338,Skoda,Rapid,Onyx Mt Petrol,"Rs. 9,75,599",55 litres,Petrol,Sedan,15.41 km/litre,5,105PS@5250rpm,5,Manual,2
339,Skoda,Rapid,Onyx At Petrol,"Rs. 10,99,599",55 litres,Petrol,Sedan,14.84 km/litre,7,105PS@5250rpm,5,Automatic,2
340,Skoda,Rapid,Onyx Mt Diesel,"Rs. 11,58,599",55 litres,Diesel,Sedan,21.13 km/litre,5,110PS@4000rpm,5,Manual,2
341,Skoda,Rapid,Onyx At Diesel,"Rs. 12,73,599",55 litres,Diesel,Sedan,21.72 km/litre,5,110PS@4000rpm,5,Automatic,2
342,Hyundai,Creta,1.4 Crdi E Plus,"Rs. 9,99,990",55 litres,Diesel,SUV,21.38 km/litre,6,90PS@4000rpm,5,Manual,2
343,Hyundai,Creta,1.6 Vtvt E Plus,"Rs. 9,99,990",55 litres,Petrol,SUV,15.29 km/litre,6,123PS@6400rpm,5,Manual,2
344,Hyundai,Creta,1.6 Vtvt Sx,"Rs. 12,32,534",55 litres,Petrol,SUV,15.29 km/litre,6,123PS@6400rpm,5,Manual,2
345,Hyundai,Creta,1.6 Vtvt Sx (O),"Rs. 13,94,437",55 litres,Petrol,SUV,15.29 km/litre,6,123PS@6400rpm,5,Manual,6
346,Hyundai,Creta,1.6 Vtvt Sx At,"Rs. 13,77,363",55 litres,Petrol,SUV,15.29 km/litre,6,123PS@6400rpm,5,Automatic,2
347,Hyundai,Creta,1.6 Vtvt Sx Dual Tone,"Rs. 12,87,041",55 litres,Petrol,SUV,15.29 km/litre,6,123PS@6400rpm,5,Automatic,2
348,Hyundai,Creta,1.4 Crdi S,"Rs. 11,97,919",55 litres,Diesel,SUV,21.38 km/litre,6,90PS@4000rpm,5,Manual,2
349,Hyundai,Creta,1.6 Crdi Sx (O),"Rs. 15,43,564",55 litres,Diesel,SUV,19.67 km/litre,6,128ps@4000rpm,5,Manual,6
350,Hyundai,Creta,1.6 Crdi Sx At,"Rs. 15,27,395",55 litres,Diesel,SUV,17.01 km/litre,6,128ps@4000rpm,5,Automatic,2
351,Hyundai,Creta,1.6 Crdi S At,"Rs. 13,36,033",55 litres,Diesel,SUV,17.01 km/litre,6,128ps@4000rpm,5,Automatic,2
352,Hyundai,Creta,1.6 Vtvt Sx (O) Executive,"Rs. 14,22,937",55 litres,Petrol,SUV,15.29 km/litre,6,121bhp@6400rpm,5,Manual,6
353,Hyundai,Creta,1.6 Crdi Sx (O) Executive,"Rs. 15,72,064",55 litres,Diesel,SUV,19.67 km/litre,6,126bhp@4000RPM,5,Manual,6
354,Hyundai,Creta,1.4 Crdi Ex,"Rs. 11,07,167",55 litres,Diesel,SUV,21.38 km/litre,6,90PS@4000rpm,5,Manual,2
355,Hyundai,Creta,1.6 Vtvt Ex,"Rs. 10,92,192",55 litres,Petrol,SUV,15.29 km/litre,6,123PS@6400rpm,5,Manual,2
356,Hyundai,Creta,Sports Edition Petrol,"Rs. 12,79,983",55 litres,Petrol,SUV,15.29 km/litre,6,123PS@6400rpm,5,Manual,2
357,Tata,Harrier,Revotorq Xe,"Rs. 13,45,363",50 litres,Diesel,SUV,16.7 km/litre,6,140PS@3750rpm,5,Manual,2
358,Tata,Harrier,Revotorq Xm,"Rs. 14,71,368",50 litres,Diesel,SUV,16.7 km/litre,6,140PS@3750rpm,5,Manual,2
359,Tata,Harrier,Revotorq Xt,"Rs. 15,91,368",50 litres,Diesel,Hatchback,16.7 km/litre,6,140PS@3750rpm,5,Manual,2
360,Tata,Harrier,Revotorq Xz,"Rs. 17,21,368",50 litres,Diesel,Hatchback,16.7 km/litre,6,140PS@3750rpm,5,Manual,2
361,Tata,Harrier,Revotorq Xz Dual Tone,"Rs. 17,32,231",50 litres,Diesel,Hatchback,16.7 km/litre,6,140PS@3750rpm,5,Manual,2
362,Tata,Harrier,Revotorq Dark Edition,"Rs. 17,30,755",50 litres,Diesel,Hatchback,16.7 km/litre,6,140PS@3750rpm,5,Manual,2
363,Honda,Accord Hybrid,2.0 At,"Rs. 43,21,237",60 litres,Hybrid,Sedan,23.1 km/litre,5,145PS@6200rpm,5,Automatic,6
364,Bmw,5-Series,520D Luxury Line,"Rs. 59,30,000",70 litres,Diesel,Sedan,18.12 km/litre,8,190PS@4000rpm,5,Automatic,8
365,Bmw,5-Series,530D M Sport,"Rs. 66,80,000",70 litres,Diesel,Sedan,14.69 km/litre,8,258PS@4000rpm,5,Automatic,8
366,Bmw,5-Series,530I M Sport,"Rs. 59,80,000",70 litres,Petrol,Sedan,15.01 km/litre,8,252PS@5200rpm,5,Automatic,8
367,Porsche,Macan,Base,"Rs. 69,98,000",65 litres,Petrol,SUV,10.8 km/litre,7,248PS@5000RPM,5,Automatic,8
368,Maruti Suzuki R,Wagon,Vxi,"Rs. 4,79,000",32 litres,Petrol,Hatchback,22.5 km/litre,5,68PS@5500rpm,5,Manual,1
369,Maruti Suzuki R,Wagon,Vxi Ags,"Rs. 5,26,000",32 litres,Petrol,Hatchback,22.5 km/litre,5,68PS@5500rpm,5,Automatic,1
370,Maruti Suzuki R,Wagon,1.2L Zxi,"Rs. 5,48,000",32 litres,Petrol,Hatchback,21.5 km/litre,5,83PS@6000rpm,5,Manual,2
371,Maruti Suzuki R,Wagon,Lxi,"Rs. 4,34,000",32 litres,Petrol,Hatchback,22.5 km/litre,5,68PS@5500rpm,5,Manual,1
372,Maruti Suzuki R,Wagon,1.2L Vxi,"Rs. 5,13,501",32 litres,Petrol,Hatchback,21.5 km/litre,5,83PS@6000rpm,5,Manual,1
373,Maruti Suzuki R,Wagon,1.2L Vxi Ags,"Rs. 5,60,500",32 litres,Petrol,Hatchback,21.5 km/litre,5,83PS@6000rpm,5,Automatic,1
374,Maruti Suzuki R,Wagon,1.2L Zxi Ags,"Rs. 5,94,800",32 litres,Petrol,Hatchback,21.5 km/litre,5,83PS@6000rpm,5,Automatic,2
375,Maruti Suzuki R,Wagon,Lxi (O),"Rs. 4,41,000",32 litres,Petrol,Hatchback,22.5 km/litre,5,68PS@5500rpm,5,Manual,2
376,Maruti Suzuki R,Wagon,Vxi (O),"Rs. 4,86,001",32 litres,Petrol,Hatchback,22.5 km/litre,5,68PS@5500rpm,5,Manual,2
377,Maruti Suzuki R,Wagon,1.2L Vxi (O),"Rs. 5,20,500",32 litres,Petrol,Hatchback,21.5 km/litre,5,83PS@6000rpm,5,Manual,2
378,Maruti Suzuki R,Wagon,1.2L Vxi Ags (O),"Rs. 5,67,500",32 litres,Petrol,Hatchback,21.5 km/litre,5,83PS@6000rpm,5,Automatic,2
379,Maruti Suzuki R,Wagon,Vxi Ags (O),"Rs. 5,33,000",32 litres,Petrol,Hatchback,22.5 km/litre,5,68PS@5500rpm,5,Automatic,2
380,Maruti Suzuki R,Wagon,Lxi Cng,"Rs. 5,00,500",32 litres,CNG,Hatchback,,5,68PS@5500rpm,5,Manual,1
381,Maruti Suzuki R,Wagon,Lxi (O) Cng,"Rs. 5,07,500",32 litres,CNG,Hatchback,,5,68PS@5500rpm,5,Manual,2
382,Tata,Tiago Nrg,1.2L Revotron,"Rs. 5,94,993",35 litres,Petrol,Crossover,23.84 km/litre,5,85PS@6000rpm,5,Manual,2
383,Tata,Tiago Nrg,1.05L Revotorq,"Rs. 6,89,993",35 litres,Diesel,Crossover,27.28 km/litre,5,70PS@4000rpm,5,Manual,2
384,Tata,Tiago Nrg,1.2L Revotron Amt,"Rs. 6,39,993",35 litres,Petrol,Crossover,23.84 km/litre,5,85PS@6000rpm,5,AMT,2
385,Fiat,Punto Evo,Emotion Multijet 1.3,"Rs. 7,47,774",45 litres,Diesel,Hatchback,21.2 km/litre,5,76PS@4000RPM,5,Manual,2
386,Skoda,Octavia,Ambition 1.4 Tsi,"Rs. 15,99,599",50 litres,Petrol,Sedan,16.7 km/litre,6,140PS@6000RPM,5,Manual,4
387,Skoda,Octavia,Ambition 2.0 Tdi Cr,"Rs. 17,99,599",50 litres,Diesel,Sedan,21 km/litre,6,143PS@4000rpm,5,Manual,4
388,Skoda,Octavia,Style 1.4 Tsi,"Rs. 18,99,599",50 litres,Petrol,Sedan,16.7 km/litre,6,140PS@6000RPM,5,Manual,6
389,Skoda,Octavia,Style 1.8 Tsi At,"Rs. 20,59,599",50 litres,Petrol,Sedan,15.1 km/litre,7,180PS@6200RPM,5,Automatic,6
390,Skoda,Octavia,Style 2.0 Tdi Cr,"Rs. 20,79,599",50 litres,Diesel,Sedan,21 km/litre,6,143PS@4000rpm,5,Manual,6
391,Skoda,Octavia,Style 2.0 Tdi Cr At,"Rs. 22,99,599",50 litres,Diesel,Sedan,19.5 km/litre,6,143PS@4000rpm,5,Automatic,6
392,Skoda,Octavia,L & K 1.8 Tsi At,"Rs. 23,59,599",50 litres,Petrol,Sedan,15.1 km/litre,7,180PS@6200RPM,5,Automatic,6
393,Skoda,Octavia,L & K 2.0 Tdi Cr At,"Rs. 23,59,599",50 litres,Diesel,Sedan,19.5 km/litre,6,143PS@4000rpm,5,Automatic,6
394,Skoda,Octavia,Corporate Edition 1.4 Tsi,"Rs. 15,49,000",50 litres,Petrol,Sedan,16.7 km/litre,6,140PS@6000RPM,5,Manual,6
395,Skoda,Octavia,Corporate Edition 2.0 Tdi,"Rs. 16,99,000",50 litres,Diesel,Sedan,21 km/litre,6,141PS@4000rpm,5,Manual,6
396,Skoda,Octavia,Onyx 1.8 Tsi Dsg,"Rs. 19,99,599",50 litres,Petrol,Sedan,15.1 km/litre,7,180PS@6200RPM,5,Automatic,6
397,Skoda,Octavia,Onyx 2.0 Tdi Dsg,"Rs. 21,99,599",50 litres,Diesel,Sedan,19.5 km/litre,6,143PS@4000rpm,5,Automatic,6
398,Mitsubishi,Pajero Sport,2.5 Mt,"Rs. 29,03,750",70 litres,Diesel,SUV,10.77 km/litre,5,178PS@4000rpm,7,Manual,2
399,Mitsubishi,Pajero Sport,2.5 At,"Rs. 28,35,500",70 litres,Diesel,SUV,10.77 km/litre,5,178PS@4000rpm,7,Automatic,2
400,Mitsubishi,Pajero Sport,Limited Edition,"Rs. 29,53,240",70 litres,Diesel,SUV,10.77 km/litre,5,178PS@4000rpm,7,Manual,2
401,Mitsubishi,Pajero Sport,Select Plus Mt,"Rs. 29,92,800",70 litres,Diesel,SUV,10.77 km/litre,5,178PS@4000rpm,7,Manual,2
402,Mitsubishi,Pajero Sport,Select Plus At,"Rs. 29,52,500",70 litres,Diesel,SUV,10.77 km/litre,5,178PS@4000rpm,7,Automatic,2
403,Bentley,Flying Spur,V8,"Rs. 3,41,67,064",90 litres,Petrol,Sedan,4 km/litre,8,507PS@6000rpm,4,Automatic,6
404,Bentley,Flying Spur,W12,"Rs. 3,93,82,083",90 litres,Petrol,Sedan,4 km/litre,8,616PS@6100rpm,4,Automatic,6
405,Honda,City,V Mt Petrol,"Rs. 10,65,900",40 litres,Petrol,Sedan,17.8 km/litre,5,119PS@6600rpm,5,Manual,2
406,Honda,City,Vx Mt Petrol,"Rs. 11,82,000",40 litres,Petrol,Sedan,17.4 km/litre,5,119PS@6600rpm,5,Manual,2
407,Honda,City,Vx Cvt Petrol,"Rs. 13,12,000",40 litres,Petrol,Sedan,18 km/litre,5,119PS@6600rpm,5,Automatic,2
408,Honda,City,V Mt Diesel,"Rs. 11,91,000",40 litres,Diesel,Sedan,25.6 km/litre,6,100PS@3600rpm,5,Manual,2
409,Honda,City,Vx Mt Diesel,"Rs. 13,02,000",40 litres,Diesel,Sedan,25.1 km/litre,6,100PS@3600rpm,5,Manual,2
410,Honda,City,Zx Mt Diesel,"Rs. 14,21,000",40 litres,Diesel,Sedan,25.1 km/litre,6,100PS@3600rpm,5,Manual,6
411,Honda,City,Zx Cvt Petrol,"Rs. 14,31,000",40 litres,Petrol,Sedan,22.6 km/litre,5,119PS@6600rpm,5,Automatic,6
412,Honda,City,V Cvt Petrol,"Rs. 12,01,000",40 litres,Petrol,Sedan,17.8 km/litre,5,119PS@6600rpm,5,Automatic,2
